CustomerID,Cluster_KMeans,Cluster_DBSCAN,Cluster_Hierarchical
000nan,1,,
012346,1,,
012747,1,,
012748,1,,
012749,1,,
012820,3,,
012821,0,,
012822,1,,
012823,0,,
012824,3,,
012826,1,,
012827,0,,
012828,1,,
012829,0,,
012830,1,,
012831,0,,
012832,0,,
012833,0,,
012834,0,,
012836,1,,
012837,0,,
012838,2,,
012839,1,,
012840,1,,
012841,1,,
012842,1,,
012843,1,,
012844,2,,
012845,0,,
012847,2,,
012849,1,,
012851,2,,
012852,0,,
012853,1,,
012854,1,,
012855,3,,
012856,2,,
012857,1,,
012863,0,,
012864,3,,
012867,1,,
012868,1,,
012871,3,,
012872,2,,
012873,0,,
012875,3,,
012877,1,,
012878,1,,
012879,3,,
012881,0,,
012882,0,,
012883,0,,
012884,0,,
012885,1,,
012886,1,,
012888,0,,
012890,2,,
012891,3,,
012893,2,,
012895,0,,
012897,0,,
012901,1,,
012902,0,,
012904,2,,
012906,1,,
012908,3,,
012909,1,,
012910,1,,
012912,1,,
012913,1,,
012915,0,,
012916,1,,
012917,0,,
012919,1,,
012920,2,,
012921,1,,
012922,3,,
012923,2,,
012924,1,,
012925,1,,
012928,1,,
012929,0,,
012930,0,,
012931,1,,
012933,2,,
012935,1,,
012936,1,,
012937,1,,
012938,3,,
012939,1,,
012940,2,,
012942,2,,
012944,0,,
012945,0,,
012947,1,,
012948,1,,
012949,1,,
012950,3,,
012951,1,,
012952,1,,
012953,0,,
012955,1,,
012956,2,,
012957,1,,
012962,0,,
012963,1,,
012965,2,,
012966,0,,
012967,0,,
012968,0,,
012970,2,,
012971,1,,
012974,0,,
012976,3,,
012977,2,,
012980,1,,
012981,3,,
012982,3,,
012984,0,,
012985,1,,
012987,0,,
012988,2,,
012989,1,,
012990,3,,
012991,3,,
012993,3,,
012994,1,,
012995,3,,
012997,1,,
012999,0,,
013000,0,,
013001,1,,
013002,0,,
013003,0,,
013004,1,,
013005,0,,
013006,0,,
013008,3,,
013011,0,,
013012,1,,
013013,1,,
013014,1,,
013015,1,,
013016,1,,
013017,0,,
013018,1,,
013021,1,,
013023,0,,
013026,3,,
013027,3,,
013028,3,,
013029,0,,
013030,2,,
013032,1,,
013033,0,,
013034,3,,
013035,3,,
013037,1,,
013038,1,,
013040,1,,
013043,0,,
013044,1,,
013045,3,,
013046,0,,
013047,1,,
013048,1,,
013049,0,,
013050,1,,
013052,0,,
013055,1,,
013058,0,,
013059,0,,
013060,0,,
013061,0,,
013062,0,,
013064,1,,
013065,0,,
013066,2,,
013067,2,,
013068,3,,
013069,1,,
013070,3,,
013072,0,,
013075,3,,
013077,2,,
013078,1,,
013079,0,,
013080,3,,
013081,1,,
013082,1,,
013083,0,,
013085,0,,
013089,1,,
013090,1,,
013091,3,,
013092,0,,
013093,1,,
013094,3,,
013095,3,,
013097,1,,
013098,1,,
013099,3,,
013101,0,,
013102,1,,
013103,0,,
013104,3,,
013106,0,,
013107,1,,
013108,3,,
013109,1,,
013110,2,,
013113,1,,
013115,1,,
013116,0,,
013117,1,,
013118,1,,
013120,0,,
013121,2,,
013122,1,,
013124,1,,
013126,1,,
013127,0,,
013130,0,,
013131,1,,
013132,0,,
013133,0,,
013134,1,,
013135,3,,
013136,1,,
013137,2,,
013138,1,,
013139,1,,
013140,2,,
013141,1,,
013142,0,,
013144,0,,
013145,0,,
013146,3,,
013147,0,,
013148,1,,
013149,1,,
013151,1,,
013153,3,,
013155,1,,
013157,1,,
013158,1,,
013159,1,,
013160,0,,
013161,0,,
013162,1,,
013165,3,,
013166,2,,
013167,1,,
013168,1,,
013169,0,,
013170,2,,
013171,0,,
013173,2,,
013174,1,,
013176,2,,
013177,0,,
013178,1,,
013182,3,,
013183,1,,
013184,1,,
013185,0,,
013186,1,,
013187,2,,
013188,0,,
013189,3,,
013192,1,,
013193,2,,
013194,0,,
013196,1,,
013198,1,,
013199,1,,
013200,1,,
013203,1,,
013207,3,,
013208,2,,
013209,1,,
013210,3,,
013211,3,,
013212,2,,
013213,1,,
013216,3,,
013217,3,,
013218,3,,
013220,0,,
013221,0,,
013223,3,,
013224,1,,
013225,1,,
013226,2,,
013227,0,,
013228,3,,
013229,0,,
013230,2,,
013232,2,,
013233,3,,
013235,1,,
013236,0,,
013238,0,,
013239,3,,
013240,2,,
013242,3,,
013243,2,,
013244,2,,
013245,0,,
013246,1,,
013247,3,,
013248,3,,
013249,1,,
013253,3,,
013255,0,,
013258,0,,
013259,2,,
013260,0,,
013261,0,,
013262,0,,
013263,2,,
013265,1,,
013266,1,,
013267,1,,
013268,1,,
013269,1,,
013270,3,,
013271,2,,
013272,0,,
013273,3,,
013276,0,,
013277,3,,
013278,3,,
013279,0,,
013280,2,,
013282,0,,
013283,3,,
013284,0,,
013285,1,,
013291,2,,
013292,0,,
013294,1,,
013295,0,,
013296,0,,
013297,1,,
013298,0,,
013299,0,,
013300,3,,
013301,2,,
013302,0,,
013304,0,,
013305,1,,
013307,0,,
013308,1,,
013309,1,,
013310,1,,
013311,0,,
013313,1,,
013314,1,,
013316,1,,
013317,1,,
013318,0,,
013319,1,,
013320,1,,
013321,3,,
013322,2,,
013323,0,,
013324,1,,
013325,0,,
013327,1,,
013328,3,,
013329,3,,
013330,1,,
013332,0,,
013334,1,,
013336,1,,
013338,0,,
013339,1,,
013340,1,,
013341,1,,
013343,0,,
013344,1,,
013345,0,,
013347,0,,
013348,3,,
013349,0,,
013350,0,,
013351,0,,
013352,0,,
013354,3,,
013355,1,,
013356,1,,
013357,2,,
013358,0,,
013359,0,,
013362,1,,
013363,1,,
013364,0,,
013365,1,,
013366,3,,
013368,0,,
013369,0,,
013370,1,,
013372,0,,
013373,1,,
013375,1,,
013376,1,,
013379,2,,
013381,1,,
013382,0,,
013384,1,,
013385,0,,
013388,0,,
013389,0,,
013390,0,,
013391,0,,
013394,1,,
013395,3,,
013396,1,,
013397,1,,
013398,0,,
013402,3,,
013403,0,,
013404,0,,
013405,0,,
013408,1,,
013410,1,,
013411,0,,
013414,3,,
013416,0,,
013417,0,,
013418,1,,
013419,3,,
013420,0,,
013421,1,,
013422,1,,
013425,1,,
013426,1,,
013427,3,,
013428,2,,
013429,3,,
013430,3,,
013431,1,,
013434,3,,
013435,1,,
013436,0,,
013437,1,,
013439,2,,
013441,3,,
013447,1,,
013448,1,,
013449,3,,
013450,1,,
013451,2,,
013452,0,,
013453,0,,
013455,1,,
013456,1,,
013458,1,,
013460,3,,
013461,3,,
013462,0,,
013464,1,,
013466,3,,
013467,2,,
013468,1,,
013470,3,,
013471,1,,
013473,0,,
013474,2,,
013475,1,,
013476,0,,
013477,1,,
013479,0,,
013481,1,,
013482,0,,
013483,3,,
013484,0,,
013485,3,,
013486,1,,
013487,0,,
013488,1,,
013489,3,,
013491,1,,
013494,0,,
013495,1,,
013496,1,,
013497,0,,
013499,1,,
013500,1,,
013502,3,,
013503,3,,
013504,0,,
013506,0,,
013507,1,,
013508,0,,
013509,1,,
013510,1,,
013512,0,,
013513,0,,
013514,0,,
013515,1,,
013516,1,,
013517,1,,
013518,1,,
013519,0,,
013521,2,,
013522,0,,
013523,1,,
013524,0,,
013525,0,,
013527,1,,
013529,0,,
013531,0,,
013532,2,,
013533,2,,
013534,1,,
013536,1,,
013538,0,,
013539,0,,
013544,2,,
013546,2,,
013548,2,,
013549,1,,
013551,0,,
013552,1,,
013555,1,,
013557,3,,
013558,2,,
013560,2,,
013561,0,,
013562,1,,
013563,0,,
013564,1,,
013565,2,,
013566,2,,
013568,2,,
013569,2,,
013570,2,,
013571,2,,
013572,1,,
013573,0,,
013575,3,,
013576,1,,
013577,1,,
013579,0,,
013581,0,,
013583,3,,
013584,2,,
013587,0,,
013588,1,,
013589,0,,
013590,1,,
013591,1,,
013592,0,,
013593,1,,
013594,3,,
013596,2,,
013598,2,,
013599,1,,
013600,0,,
013601,2,,
013602,3,,
013603,2,,
013606,2,,
013607,2,,
013610,2,,
013611,1,,
013614,2,,
013615,0,,
013617,1,,
013618,3,,
013621,3,,
013623,2,,
013626,3,,
013627,1,,
013629,1,,
013630,1,,
013631,0,,
013632,1,,
013634,2,,
013635,1,,
013636,1,,
013637,2,,
013638,0,,
013639,3,,
013642,2,,
013643,3,,
013644,1,,
013645,0,,
013647,1,,
013649,0,,
013650,1,,
013651,0,,
013652,1,,
013654,1,,
013655,1,,
013656,2,,
013657,0,,
013658,1,,
013659,1,,
013662,1,,
013663,0,,
013666,0,,
013667,2,,
013668,1,,
013669,0,,
013670,3,,
013672,0,,
013673,2,,
013675,3,,
013678,3,,
013680,1,,
013681,1,,
013682,0,,
013684,2,,
013685,3,,
013686,3,,
013689,3,,
013690,0,,
013692,1,,
013694,1,,
013695,1,,
013697,3,,
013699,0,,
013700,1,,
013703,0,,
013704,1,,
013705,0,,
013706,0,,
013707,0,,
013708,2,,
013709,1,,
013710,3,,
013711,0,,
013712,3,,
013715,2,,
013716,2,,
013717,1,,
013718,0,,
013719,1,,
013720,0,,
013721,3,,
013722,1,,
013723,0,,
013725,1,,
013726,3,,
013727,0,,
013728,1,,
013730,1,,
013731,0,,
013732,3,,
013735,1,,
013736,2,,
013737,0,,
013739,0,,
013740,3,,
013741,0,,
013742,1,,
013743,3,,
013744,1,,
013745,3,,
013747,0,,
013748,0,,
013750,1,,
013751,0,,
013752,1,,
013753,3,,
013754,3,,
013755,2,,
013756,1,,
013758,1,,
013759,0,,
013760,2,,
013761,1,,
013762,3,,
013763,1,,
013764,2,,
013767,1,,
013769,1,,
013771,1,,
013772,2,,
013774,0,,
013777,1,,
013778,0,,
013780,2,,
013781,2,,
013782,2,,
013784,1,,
013786,3,,
013787,2,,
013790,3,,
013791,3,,
013792,0,,
013798,1,,
013799,3,,
013800,3,,
013801,0,,
013802,1,,
013803,0,,
013804,1,,
013805,3,,
013806,0,,
013807,0,,
013808,1,,
013819,1,,
013821,2,,
013822,2,,
013823,1,,
013824,1,,
013826,0,,
013827,2,,
013828,3,,
013831,1,,
013832,0,,
013833,0,,
013835,1,,
013837,3,,
013838,2,,
013841,3,,
013842,1,,
013844,3,,
013845,3,,
013846,0,,
013848,3,,
013849,1,,
013850,1,,
013851,1,,
013853,1,,
013854,1,,
013856,3,,
013858,0,,
013859,2,,
013860,1,,
013862,1,,
013863,3,,
013865,0,,
013866,0,,
013867,1,,
013868,1,,
013869,1,,
013870,1,,
013871,1,,
013873,0,,
013874,0,,
013875,1,,
013876,0,,
013877,3,,
013878,1,,
013880,1,,
013881,1,,
013882,1,,
013883,1,,
013884,0,,
013885,0,,
013886,0,,
013887,0,,
013888,0,,
013889,0,,
013890,1,,
013892,3,,
013893,0,,
013894,3,,
013895,1,,
013897,3,,
013898,0,,
013899,0,,
013900,0,,
013901,1,,
013904,3,,
013908,1,,
013911,1,,
013914,1,,
013917,3,,
013918,1,,
013922,0,,
013923,0,,
013924,1,,
013925,0,,
013926,0,,
013927,3,,
013928,0,,
013929,0,,
013930,3,,
013931,1,,
013932,0,,
013933,0,,
013934,1,,
013936,3,,
013937,3,,
013938,3,,
013939,3,,
013940,1,,
013941,1,,
013946,3,,
013947,0,,
013948,0,,
013949,1,,
013950,0,,
013951,0,,
013952,1,,
013953,1,,
013954,0,,
013955,2,,
013956,2,,
013959,2,,
013960,3,,
013962,0,,
013963,0,,
013967,0,,
013969,1,,
013971,1,,
013972,0,,
013973,0,,
013974,3,,
013975,1,,
013976,0,,
013978,3,,
013979,3,,
013980,0,,
013982,1,,
013983,1,,
013984,3,,
013985,1,,
013986,3,,
013988,1,,
013989,1,,
013990,3,,
013991,3,,
013992,3,,
013993,1,,
013994,1,,
013995,1,,
013999,1,,
014000,3,,
014001,1,,
014002,1,,
014004,1,,
014005,1,,
014006,1,,
014009,1,,
014012,0,,
014013,3,,
014014,3,,
014015,1,,
014019,1,,
014020,1,,
014021,0,,
014022,3,,
014023,0,,
014024,0,,
014027,3,,
014029,0,,
014030,1,,
014031,1,,
014032,1,,
014034,2,,
014035,1,,
014036,0,,
014037,2,,
014038,1,,
014039,3,,
014040,1,,
014041,2,,
014044,2,,
014045,1,,
014046,3,,
014047,0,,
014048,2,,
014049,1,,
014050,3,,
014051,1,,
014052,2,,
014053,3,,
014054,3,,
014055,0,,
014056,1,,
014057,1,,
014059,3,,
014060,1,,
014062,1,,
014064,1,,
014066,0,,
014067,2,,
014068,0,,
014071,2,,
014073,3,,
014075,3,,
014076,2,,
014077,0,,
014078,1,,
014079,0,,
014080,3,,
014081,2,,
014082,2,,
014083,2,,
014085,1,,
014087,2,,
014088,1,,
014089,3,,
014090,3,,
014092,1,,
014093,2,,
014096,1,,
014098,2,,
014099,1,,
014100,2,,
014101,1,,
014102,1,,
014104,0,,
014105,1,,
014107,1,,
014108,0,,
014109,0,,
014110,1,,
014111,0,,
014112,1,,
014113,1,,
014114,0,,
014116,1,,
014117,3,,
014121,1,,
014124,3,,
014125,1,,
014126,0,,
014127,0,,
014128,3,,
014129,1,,
014130,2,,
014132,1,,
014133,0,,
014135,1,,
014138,1,,
014139,3,,
014140,1,,
014141,1,,
014142,3,,
014143,0,,
014145,1,,
014146,1,,
014147,0,,
014148,0,,
014149,0,,
014150,3,,
014152,3,,
014154,0,,
014155,0,,
014157,2,,
014158,3,,
014159,2,,
014161,2,,
014162,0,,
014163,1,,
014164,3,,
014165,2,,
014167,0,,
014171,2,,
014173,0,,
014174,2,,
014175,1,,
014176,0,,
014177,0,,
014178,2,,
014179,2,,
014180,1,,
014184,0,,
014185,0,,
014188,1,,
014189,1,,
014191,1,,
014193,1,,
014194,1,,
014195,0,,
014196,0,,
014198,0,,
014199,0,,
014201,1,,
014204,2,,
014205,0,,
014206,3,,
014208,0,,
014209,1,,
014210,1,,
014211,1,,
014212,3,,
014214,1,,
014215,1,,
014216,1,,
014217,0,,
014218,3,,
014219,0,,
014220,0,,
014221,1,,
014222,3,,
014223,1,,
014224,2,,
014226,1,,
014227,1,,
014229,1,,
014231,1,,
014232,1,,
014233,1,,
014234,2,,
014235,1,,
014236,3,,
014237,0,,
014238,3,,
014239,1,,
014240,1,,
014241,3,,
014242,0,,
014243,1,,
014245,1,,
014246,1,,
014247,2,,
014248,0,,
014250,1,,
014251,1,,
014256,1,,
014257,1,,
014258,1,,
014259,0,,
014261,0,,
014262,1,,
014264,0,,
014267,1,,
014270,0,,
014271,0,,
014272,3,,
014273,0,,
014276,1,,
014280,0,,
014282,1,,
014284,0,,
014285,1,,
014286,1,,
014287,3,,
014288,0,,
014289,0,,
014290,1,,
014291,1,,
014292,1,,
014293,1,,
014295,3,,
014297,1,,
014298,1,,
014299,1,,
014300,3,,
014301,3,,
014304,0,,
014305,1,,
014306,1,,
014307,1,,
014309,1,,
014311,0,,
014312,1,,
014314,3,,
014315,1,,
014317,0,,
014320,3,,
014321,1,,
014323,1,,
014326,0,,
014327,0,,
014329,1,,
014331,0,,
014332,3,,
014333,0,,
014334,1,,
014336,1,,
014338,0,,
014339,3,,
014340,0,,
014341,1,,
014342,0,,
014344,0,,
014345,0,,
014346,1,,
014348,0,,
014349,2,,
014350,3,,
014351,0,,
014352,1,,
014353,3,,
014354,3,,
014355,0,,
014356,0,,
014357,2,,
014359,1,,
014360,1,,
014362,2,,
014364,1,,
014367,1,,
014368,0,,
014371,0,,
014373,0,,
014375,2,,
014377,0,,
014379,2,,
014381,2,,
014382,2,,
014383,1,,
014385,3,,
014386,0,,
014387,1,,
014388,1,,
014389,1,,
014390,1,,
014393,0,,
014395,1,,
014396,2,,
014397,1,,
014400,3,,
014401,1,,
014403,0,,
014404,1,,
014406,0,,
014407,1,,
014408,1,,
014409,1,,
014410,2,,
014411,0,,
014412,1,,
014413,2,,
014414,3,,
014415,1,,
014416,3,,
014418,1,,
014419,2,,
014420,3,,
014421,1,,
014422,1,,
014423,3,,
014424,0,,
014426,1,,
014427,3,,
014428,2,,
014431,0,,
014432,2,,
014434,0,,
014436,3,,
014437,3,,
014438,3,,
014440,1,,
014441,1,,
014443,1,,
014446,2,,
014447,1,,
014448,0,,
014449,2,,
014450,0,,
014451,2,,
014452,2,,
014453,2,,
014456,2,,
014457,3,,
014459,1,,
014460,3,,
014461,1,,
014462,1,,
014463,0,,
014465,2,,
014466,1,,
014467,2,,
014470,0,,
014472,2,,
014473,0,,
014474,0,,
014475,1,,
014476,0,,
014477,3,,
014479,0,,
014480,0,,
014481,3,,
014482,1,,
014483,3,,
014484,3,,
014485,2,,
014487,2,,
014488,1,,
014489,3,,
014491,0,,
014493,1,,
014494,3,,
014495,0,,
014496,0,,
014497,0,,
014498,1,,
014499,2,,
014500,0,,
014501,3,,
014502,2,,
014503,1,,
014504,2,,
014505,1,,
014506,2,,
014507,1,,
014508,2,,
014511,1,,
014512,0,,
014513,3,,
014514,1,,
014515,1,,
014517,0,,
014518,3,,
014520,0,,
014522,1,,
014523,3,,
014524,2,,
014525,1,,
014527,1,,
014528,3,,
014529,2,,
014530,1,,
014532,0,,
014533,1,,
014534,1,,
014535,1,,
014536,0,,
014537,0,,
014538,0,,
014539,3,,
014540,1,,
014541,1,,
014542,0,,
014543,1,,
014544,1,,
014546,2,,
014547,1,,
014548,3,,
014549,2,,
014550,1,,
014551,0,,
014552,2,,
014553,2,,
014554,1,,
014555,0,,
014557,3,,
014560,1,,
014561,1,,
014562,1,,
014565,1,,
014567,1,,
014569,0,,
014570,2,,
014572,1,,
014573,2,,
014576,0,,
014577,2,,
014578,2,,
014581,3,,
014582,0,,
014583,2,,
014584,2,,
014585,2,,
014586,3,,
014587,2,,
014589,0,,
014591,2,,
014592,2,,
014593,2,,
014594,2,,
014595,1,,
014597,3,,
014598,2,,
014600,0,,
014601,3,,
014603,3,,
014606,2,,
014607,1,,
014608,1,,
014609,3,,
014616,0,,
014618,0,,
014619,0,,
014620,0,,
014621,1,,
014622,0,,
014623,2,,
014624,3,,
014625,0,,
014626,1,,
014628,0,,
014629,2,,
014631,1,,
014632,0,,
014633,0,,
014636,0,,
014638,0,,
014639,1,,
014640,1,,
014641,3,,
014642,0,,
014643,3,,
014644,0,,
014645,0,,
014647,2,,
014649,2,,
014651,2,,
014652,2,,
014653,1,,
014655,1,,
014656,2,,
014657,2,,
014658,0,,
014659,1,,
014660,2,,
014661,0,,
014662,2,,
014664,2,,
014665,1,,
014666,3,,
014667,1,,
014669,2,,
014670,2,,
014672,2,,
014673,1,,
014675,2,,
014676,1,,
014680,1,,
014681,0,,
014682,3,,
014684,2,,
014687,3,,
014688,1,,
014689,2,,
014690,2,,
014691,1,,
014692,2,,
014693,0,,
014696,1,,
014697,2,,
014698,2,,
014699,3,,
014700,1,,
014701,2,,
014702,1,,
014703,3,,
014704,2,,
014705,3,,
014708,1,,
014709,1,,
014710,2,,
014711,1,,
014712,0,,
014713,1,,
014714,0,,
014715,1,,
014716,2,,
014719,2,,
014720,0,,
014722,2,,
014723,2,,
014725,1,,
014727,0,,
014729,2,,
014730,2,,
014731,2,,
014732,1,,
014733,1,,
014735,1,,
014737,0,,
014738,1,,
014739,1,,
014740,1,,
014741,1,,
014744,1,,
014745,1,,
014747,0,,
014748,1,,
014752,3,,
014753,0,,
014754,3,,
014755,1,,
014756,1,,
014757,0,,
014758,1,,
014759,1,,
014760,0,,
014761,0,,
014762,3,,
014764,3,,
014765,2,,
014766,1,,
014768,0,,
014769,1,,
014770,1,,
014772,0,,
014775,3,,
014776,3,,
014778,0,,
014779,0,,
014780,3,,
014782,3,,
014784,0,,
014785,3,,
014788,1,,
014789,3,,
014790,3,,
014792,2,,
014793,0,,
014794,1,,
014795,0,,
014796,1,,
014798,3,,
014799,0,,
014800,1,,
014801,2,,
014803,1,,
014804,0,,
014805,0,,
014806,3,,
014808,1,,
014810,1,,
014813,2,,
014815,3,,
014816,0,,
014817,1,,
014818,0,,
014819,0,,
014820,0,,
014821,0,,
014823,2,,
014824,1,,
014825,1,,
014828,1,,
014829,3,,
014830,2,,
014834,1,,
014836,0,,
014837,1,,
014840,0,,
014841,1,,
014842,1,,
014844,1,,
014847,0,,
014849,1,,
014850,3,,
014851,3,,
014852,1,,
014853,0,,
014854,1,,
014855,0,,
014856,1,,
014857,1,,
014859,1,,
014860,3,,
014861,0,,
014862,3,,
014863,3,,
014865,3,,
014866,1,,
014867,0,,
014868,1,,
014869,2,,
014870,0,,
014871,2,,
014873,0,,
014875,1,,
014878,1,,
014880,0,,
014881,3,,
014882,0,,
014883,3,,
014885,3,,
014886,0,,
014887,3,,
014888,3,,
014889,3,,
014890,0,,
014891,3,,
014893,1,,
014894,3,,
014895,1,,
014896,2,,
014897,1,,
014898,1,,
014901,1,,
014902,3,,
014903,1,,
014904,3,,
014905,3,,
014907,1,,
014908,0,,
014910,0,,
014913,3,,
014915,0,,
014916,1,,
014918,1,,
014920,1,,
014921,1,,
014923,1,,
014924,0,,
014929,3,,
014944,1,,
014946,0,,
014947,0,,
014948,1,,
014950,0,,
014951,3,,
014952,1,,
014953,2,,
014954,2,,
014957,2,,
014958,0,,
014959,3,,
014960,2,,
014961,1,,
014962,0,,
014963,2,,
014964,0,,
014965,2,,
014966,2,,
014967,0,,
014968,2,,
014970,0,,
014971,2,,
014972,2,,
014973,0,,
014974,2,,
014975,3,,
014976,0,,
014978,2,,
014981,3,,
014984,2,,
014985,2,,
014987,0,,
014988,2,,
014995,2,,
014997,3,,
014998,2,,
015000,2,,
015002,1,,
015004,2,,
015005,1,,
015006,2,,
015007,0,,
015009,2,,
015010,0,,
015012,2,,
015014,2,,
015016,0,,
015017,2,,
015018,0,,
015019,2,,
015021,2,,
015022,2,,
015023,1,,
015024,1,,
015025,2,,
015026,2,,
015027,1,,
015028,3,,
015030,3,,
015031,2,,
015032,1,,
015033,2,,
015034,1,,
015035,2,,
015036,2,,
015038,2,,
015039,1,,
015041,2,,
015042,0,,
015043,3,,
015044,1,,
015045,0,,
015046,1,,
015047,3,,
015048,2,,
015049,3,,
015050,1,,
015051,2,,
015052,2,,
015053,3,,
015054,2,,
015057,1,,
015058,2,,
015059,2,,
015060,2,,
015061,1,,
015062,1,,
015063,0,,
015065,1,,
015066,1,,
015067,1,,
015068,2,,
015069,1,,
015070,0,,
015071,0,,
015073,1,,
015074,3,,
015075,1,,
015076,1,,
015078,1,,
015079,0,,
015081,0,,
015083,0,,
015087,3,,
015088,1,,
015089,1,,
015090,0,,
015091,3,,
015092,0,,
015093,1,,
015095,1,,
015096,0,,
015097,2,,
015098,0,,
015099,3,,
015100,0,,
015101,0,,
015103,0,,
015104,1,,
015105,1,,
015106,1,,
015107,0,,
015109,0,,
015110,0,,
015111,1,,
015113,1,,
015114,1,,
015115,0,,
015116,1,,
015117,1,,
015118,3,,
015119,0,,
015120,0,,
015121,0,,
015122,1,,
015123,1,,
015124,3,,
015125,1,,
015127,3,,
015128,1,,
015129,1,,
015130,3,,
015132,1,,
015133,3,,
015134,1,,
015135,0,,
015136,1,,
015139,3,,
015140,1,,
015142,3,,
015143,0,,
015144,1,,
015145,1,,
015146,1,,
015147,1,,
015148,3,,
015149,0,,
015150,1,,
015152,1,,
015153,0,,
015154,2,,
015156,1,,
015157,1,,
015158,3,,
015159,1,,
015160,3,,
015163,2,,
015164,2,,
015165,0,,
015167,2,,
015168,0,,
015171,0,,
015172,1,,
015174,3,,
015175,3,,
015178,3,,
015179,1,,
015180,0,,
015181,3,,
015182,0,,
015184,2,,
015185,3,,
015186,0,,
015187,1,,
015189,1,,
015192,1,,
015193,0,,
015194,1,,
015195,1,,
015197,1,,
015198,3,,
015199,1,,
015201,1,,
015203,1,,
015204,3,,
015205,0,,
015206,0,,
015208,0,,
015210,0,,
015211,0,,
015212,0,,
015213,3,,
015214,1,,
015215,0,,
015216,0,,
015218,1,,
015219,0,,
015220,1,,
015221,0,,
015222,3,,
015223,0,,
015224,0,,
015225,0,,
015226,0,,
015227,1,,
015228,1,,
015230,3,,
015232,3,,
015234,3,,
015235,1,,
015236,3,,
015237,1,,
015238,1,,
015239,3,,
015240,1,,
015241,1,,
015243,3,,
015244,3,,
015245,1,,
015246,0,,
015247,3,,
015249,1,,
015251,1,,
015252,3,,
015253,3,,
015254,3,,
015255,1,,
015256,3,,
015257,0,,
015258,0,,
015260,1,,
015261,3,,
015262,0,,
015263,0,,
015264,3,,
015265,1,,
015266,0,,
015267,3,,
015269,0,,
015270,1,,
015271,1,,
015272,2,,
015274,3,,
015275,1,,
015276,2,,
015277,3,,
015279,0,,
015280,3,,
015281,1,,
015286,0,,
015287,3,,
015288,1,,
015289,3,,
015290,1,,
015291,1,,
015292,2,,
015296,1,,
015297,1,,
015298,1,,
015299,0,,
015300,3,,
015301,1,,
015303,0,,
015304,0,,
015306,1,,
015307,0,,
015308,0,,
015311,1,,
015312,1,,
015313,0,,
015314,3,,
015315,3,,
015316,3,,
015318,3,,
015319,0,,
015320,2,,
015321,1,,
015322,1,,
015325,2,,
015326,3,,
015327,0,,
015329,1,,
015330,3,,
015333,1,,
015334,2,,
015335,2,,
015339,2,,
015341,1,,
015342,3,,
015343,0,,
015344,0,,
015345,0,,
015346,0,,
015347,3,,
015348,3,,
015349,2,,
015350,0,,
015351,2,,
015353,2,,
015355,0,,
015356,2,,
015358,1,,
015360,3,,
015361,3,,
015363,0,,
015364,3,,
015365,1,,
015366,1,,
015367,1,,
015368,0,,
015370,1,,
015372,3,,
015373,1,,
015374,0,,
015376,2,,
015379,1,,
015380,1,,
015381,0,,
015382,1,,
015384,3,,
015385,3,,
015386,3,,
015389,3,,
015392,1,,
015393,3,,
015394,1,,
015395,0,,
015396,0,,
015397,0,,
015398,1,,
015399,3,,
015400,3,,
015402,1,,
015405,0,,
015406,2,,
015407,2,,
015408,2,,
015410,1,,
015411,1,,
015412,0,,
015414,1,,
015415,3,,
015416,1,,
015417,3,,
015419,3,,
015421,1,,
015422,0,,
015423,0,,
015424,3,,
015426,2,,
015427,2,,
015428,3,,
015429,2,,
015432,0,,
015433,3,,
015434,1,,
015435,2,,
015436,2,,
015437,2,,
015438,2,,
015440,2,,
015442,0,,
015443,1,,
015444,2,,
015445,0,,
015447,0,,
015448,0,,
015449,1,,
015450,3,,
015452,2,,
015453,2,,
015454,2,,
015456,2,,
015457,2,,
015458,3,,
015460,2,,
015462,3,,
015463,3,,
015464,2,,
015465,1,,
015466,2,,
015467,2,,
015468,0,,
015469,0,,
015471,2,,
015472,2,,
015473,1,,
015475,3,,
015478,1,,
015482,1,,
015483,2,,
015484,1,,
015485,1,,
015488,0,,
015489,1,,
015491,1,,
015492,3,,
015493,2,,
015494,2,,
015497,1,,
015498,1,,
015500,1,,
015502,1,,
015503,2,,
015504,2,,
015505,1,,
015506,2,,
015507,2,,
015508,2,,
015510,0,,
015511,2,,
015512,3,,
015513,1,,
015514,1,,
015516,2,,
015517,3,,
015518,1,,
015520,3,,
015521,1,,
015522,3,,
015523,0,,
015524,0,,
015525,2,,
015526,0,,
015527,1,,
015528,2,,
015529,2,,
015530,1,,
015531,2,,
015532,2,,
015533,2,,
015535,2,,
015537,2,,
015539,3,,
015540,3,,
015541,2,,
015543,2,,
015544,1,,
015545,2,,
015547,1,,
015549,1,,
015550,2,,
015551,0,,
015552,2,,
015553,2,,
015554,0,,
015555,1,,
015556,2,,
015557,0,,
015561,0,,
015562,0,,
015563,1,,
015565,0,,
015567,0,,
015568,1,,
015569,1,,
015570,1,,
015571,2,,
015572,1,,
015573,2,,
015574,2,,
015576,1,,
015577,2,,
015578,2,,
015579,2,,
015581,0,,
015582,1,,
015584,2,,
015585,3,,
015587,0,,
015589,0,,
015592,3,,
015593,0,,
015594,1,,
015596,1,,
015597,3,,
015598,3,,
015599,3,,
015601,1,,
015602,1,,
015603,3,,
015604,3,,
015605,0,,
015606,1,,
015607,3,,
015608,1,,
015609,0,,
015610,3,,
015611,0,,
015612,0,,
015615,1,,
015618,1,,
015619,0,,
015620,1,,
015621,3,,
015622,1,,
015623,0,,
015624,0,,
015625,1,,
015626,3,,
015628,1,,
015630,1,,
015632,1,,
015634,0,,
015636,1,,
015637,0,,
015639,0,,
015640,1,,
015641,1,,
015643,0,,
015644,2,,
015645,2,,
015646,0,,
015648,0,,
015649,0,,
015651,3,,
015652,0,,
015653,3,,
015654,1,,
015655,1,,
015656,0,,
015657,3,,
015658,0,,
015659,0,,
015660,1,,
015661,3,,
015663,0,,
015664,0,,
015665,1,,
015667,3,,
015668,3,,
015669,0,,
015670,0,,
015671,1,,
015673,1,,
015674,1,,
015675,3,,
015676,1,,
015677,1,,
015678,3,,
015679,2,,
015680,1,,
015681,1,,
015683,3,,
015687,1,,
015689,0,,
015690,3,,
015691,3,,
015692,3,,
015694,1,,
015695,0,,
015696,1,,
015699,0,,
015700,2,,
015701,2,,
015703,0,,
015704,1,,
015705,0,,
015706,0,,
015707,2,,
015708,1,,
015709,3,,
015712,1,,
015713,0,,
015714,2,,
015716,2,,
015717,0,,
015719,2,,
015720,2,,
015721,2,,
015722,1,,
015723,2,,
015724,0,,
015725,2,,
015727,1,,
015729,0,,
015730,1,,
015732,3,,
015733,0,,
015734,0,,
015737,1,,
015738,1,,
015739,3,,
015740,3,,
015743,2,,
015744,3,,
015745,0,,
015746,2,,
015747,1,,
015748,2,,
015749,1,,
015750,1,,
015752,2,,
015753,3,,
015754,0,,
015755,1,,
015756,2,,
015757,1,,
015758,0,,
015759,0,,
015762,0,,
015763,0,,
015764,1,,
015766,0,,
015768,0,,
015769,1,,
015773,3,,
015774,0,,
015775,0,,
015776,0,,
015777,0,,
015780,0,,
015781,0,,
015782,1,,
015783,0,,
015785,1,,
015786,1,,
015787,2,,
015789,3,,
015790,2,,
015791,1,,
015793,1,,
015795,1,,
015796,1,,
015797,1,,
015799,2,,
015800,2,,
015801,1,,
015802,0,,
015803,3,,
015804,1,,
015805,1,,
015806,3,,
015807,1,,
015808,1,,
015809,0,,
015810,1,,
015811,1,,
015812,1,,
015813,1,,
015814,1,,
015815,1,,
015819,1,,
015820,3,,
015821,2,,
015822,1,,
015823,0,,
015825,0,,
015826,1,,
015827,1,,
015829,3,,
015830,1,,
015831,1,,
015832,1,,
015834,1,,
015835,1,,
015836,0,,
015837,0,,
015838,1,,
015839,1,,
015840,3,,
015841,3,,
015843,0,,
015844,3,,
015845,1,,
015847,0,,
015850,2,,
015852,0,,
015853,2,,
015854,1,,
015855,2,,
015856,1,,
015857,3,,
015858,2,,
015860,2,,
015861,1,,
015862,2,,
015863,2,,
015864,1,,
015865,0,,
015866,2,,
015867,1,,
015869,3,,
015870,2,,
015872,2,,
015874,1,,
015877,2,,
015880,2,,
015881,0,,
015882,3,,
015883,2,,
015885,0,,
015886,0,,
015888,0,,
015889,2,,
015891,2,,
015894,2,,
015895,3,,
015897,3,,
015898,1,,
015899,0,,
015900,2,,
015901,2,,
015903,1,,
015904,2,,
015906,2,,
015907,2,,
015909,3,,
015910,2,,
015912,3,,
015916,1,,
015917,0,,
015918,2,,
015919,2,,
015920,2,,
015921,0,,
015922,0,,
015923,2,,
015925,0,,
015930,0,,
015932,1,,
015933,1,,
015935,0,,
015937,0,,
015938,0,,
015939,1,,
015940,0,,
015942,3,,
015944,0,,
015945,0,,
015947,1,,
015948,1,,
015949,3,,
015950,1,,
015951,0,,
015952,2,,
015953,1,,
015955,1,,
015957,2,,
015958,0,,
015963,3,,
015965,2,,
015967,2,,
015969,0,,
015970,0,,
015971,1,,
015973,0,,
015974,1,,
015975,3,,
015976,2,,
015977,1,,
015978,1,,
015980,1,,
015981,1,,
015983,1,,
015984,1,,
015985,1,,
015986,3,,
015987,1,,
015988,2,,
015990,1,,
015992,0,,
015993,2,,
015994,2,,
015996,2,,
015998,2,,
016000,1,,
016003,1,,
016005,2,,
016006,3,,
016007,2,,
016008,3,,
016009,1,,
016010,2,,
016011,1,,
016012,1,,
016013,1,,
016014,2,,
016015,2,,
016016,2,,
016017,2,,
016018,0,,
016019,1,,
016020,1,,
016022,2,,
016023,2,,
016024,2,,
016025,3,,
016026,2,,
016027,0,,
016029,1,,
016030,3,,
016031,2,,
016033,1,,
016034,0,,
016036,1,,
016037,1,,
016038,0,,
016040,1,,
016041,1,,
016042,1,,
016043,1,,
016045,1,,
016048,3,,
016049,2,,
016050,3,,
016052,2,,
016053,1,,
016054,2,,
016055,0,,
016056,2,,
016057,1,,
016059,2,,
016062,1,,
016063,3,,
016065,2,,
016066,1,,
016070,3,,
016071,0,,
016072,0,,
016073,0,,
016076,1,,
016078,0,,
016079,1,,
016080,3,,
016081,1,,
016083,3,,
016084,2,,
016085,2,,
016086,1,,
016091,0,,
016092,1,,
016093,3,,
016094,1,,
016096,0,,
016097,0,,
016098,1,,
016099,3,,
016101,1,,
016102,1,,
016103,1,,
016104,2,,
016105,3,,
016106,3,,
016107,1,,
016108,3,,
016109,3,,
016110,2,,
016112,3,,
016113,2,,
016114,0,,
016115,2,,
016116,0,,
016117,2,,
016119,3,,
016120,1,,
016121,2,,
016122,3,,
016123,0,,
016124,0,,
016125,0,,
016126,1,,
016127,1,,
016128,1,,
016131,1,,
016133,1,,
016134,3,,
016135,0,,
016136,1,,
016139,1,,
016140,3,,
016141,0,,
016142,1,,
016143,1,,
016144,0,,
016145,1,,
016146,3,,
016147,0,,
016148,3,,
016149,3,,
016150,1,,
016152,1,,
016153,1,,
016156,1,,
016157,0,,
016159,3,,
016160,3,,
016161,1,,
016162,0,,
016163,0,,
016164,1,,
016168,1,,
016169,1,,
016170,1,,
016171,0,,
016172,1,,
016173,1,,
016174,1,,
016175,1,,
016177,0,,
016178,0,,
016179,0,,
016180,1,,
016181,3,,
016182,1,,
016183,0,,
016184,1,,
016185,0,,
016186,1,,
016187,1,,
016188,1,,
016189,0,,
016190,0,,
016191,1,,
016193,3,,
016198,0,,
016200,2,,
016201,1,,
016202,0,,
016203,0,,
016204,2,,
016205,2,,
016206,2,,
016207,0,,
016208,2,,
016209,1,,
016210,1,,
016211,0,,
016212,0,,
016213,0,,
016214,1,,
016215,0,,
016216,0,,
016217,0,,
016218,1,,
016221,2,,
016222,2,,
016224,1,,
016225,2,,
016226,3,,
016227,0,,
016229,1,,
016230,3,,
016232,1,,
016233,0,,
016235,0,,
016236,0,,
016239,3,,
016240,1,,
016241,2,,
016242,1,,
016243,2,,
016244,1,,
016245,1,,
016247,2,,
016248,3,,
016249,1,,
016250,0,,
016253,1,,
016255,1,,
016256,3,,
016257,0,,
016258,1,,
016260,0,,
016261,2,,
016265,1,,
016266,0,,
016268,0,,
016270,1,,
016271,1,,
016272,3,,
016274,2,,
016275,0,,
016276,3,,
016278,0,,
016279,1,,
016281,1,,
016282,0,,
016283,1,,
016284,2,,
016287,3,,
016292,3,,
016293,1,,
016295,1,,
016297,0,,
016298,0,,
016302,3,,
016303,1,,
016305,3,,
016306,3,,
016308,3,,
016309,1,,
016311,3,,
016313,0,,
016315,0,,
016316,1,,
016317,1,,
016318,3,,
016319,0,,
016322,2,,
016323,0,,
016324,2,,
016325,0,,
016326,1,,
016327,1,,
016330,2,,
016332,2,,
016333,1,,
016337,0,,
016338,0,,
016339,2,,
016340,2,,
016341,1,,
016342,0,,
016343,2,,
016344,0,,
016345,0,,
016347,2,,
016348,2,,
016349,0,,
016350,1,,
016351,3,,
016352,3,,
016353,1,,
016354,0,,
016356,2,,
016357,0,,
016358,1,,
016359,1,,
016360,2,,
016361,2,,
016362,2,,
016363,0,,
016364,2,,
016365,0,,
016366,3,,
016367,2,,
016368,2,,
016369,1,,
016370,2,,
016372,2,,
016374,2,,
016376,2,,
016377,3,,
016378,3,,
016379,1,,
016380,1,,
016383,2,,
016384,0,,
016385,2,,
016386,2,,
016387,0,,
016389,1,,
016392,2,,
016393,1,,
016394,1,,
016395,2,,
016398,1,,
016399,2,,
016400,2,,
016401,1,,
016402,2,,
016403,3,,
016404,0,,
016405,3,,
016406,2,,
016407,1,,
016409,1,,
016411,2,,
016412,2,,
016413,2,,
016414,0,,
016415,2,,
016416,1,,
016418,2,,
016419,0,,
016422,1,,
016423,3,,
016424,0,,
016425,0,,
016426,2,,
016427,3,,
016429,0,,
016430,0,,
016431,2,,
016432,0,,
016433,3,,
016434,1,,
016438,2,,
016440,1,,
016441,0,,
016442,2,,
016444,2,,
016445,2,,
016446,1,,
016447,2,,
016448,2,,
016449,0,,
016450,3,,
016451,0,,
016454,2,,
016455,1,,
016456,1,,
016457,0,,
016458,1,,
016460,2,,
016461,2,,
016462,0,,
016463,1,,
016464,2,,
016466,1,,
016468,0,,
016469,2,,
016470,2,,
016471,3,,
016473,0,,
016474,2,,
016475,0,,
016477,1,,
016478,0,,
016479,2,,
016480,1,,
016482,3,,
016483,2,,
016484,0,,
016485,2,,
016488,0,,
016491,1,,
016493,1,,
016494,3,,
016495,2,,
016496,1,,
016497,1,,
016498,2,,
016499,0,,
016500,0,,
016503,1,,
016504,2,,
016505,3,,
016506,0,,
016509,0,,
016510,0,,
016511,2,,
016513,0,,
016515,1,,
016516,3,,
016517,2,,
016518,2,,
016519,0,,
016520,2,,
016523,1,,
016525,1,,
016526,0,,
016527,0,,
016528,0,,
016529,0,,
016531,1,,
016532,1,,
016533,2,,
016535,1,,
016536,2,,
016539,1,,
016542,0,,
016545,0,,
016546,3,,
016549,2,,
016550,1,,
016551,3,,
016552,0,,
016553,1,,
016554,1,,
016555,0,,
016556,1,,
016557,0,,
016558,1,,
016560,1,,
016561,0,,
016563,1,,
016565,0,,
016566,0,,
016567,3,,
016569,0,,
016570,1,,
016571,1,,
016572,1,,
016573,0,,
016574,3,,
016581,3,,
016582,3,,
016583,0,,
016584,1,,
016586,0,,
016587,0,,
016589,3,,
016591,0,,
016592,1,,
016593,0,,
016594,2,,
016595,2,,
016596,0,,
016597,3,,
016598,0,,
016600,3,,
016601,2,,
016602,3,,
016603,3,,
016607,1,,
016609,1,,
016610,3,,
016611,0,,
016612,1,,
016613,1,,
016614,0,,
016616,0,,
016617,0,,
016618,1,,
016619,0,,
016620,0,,
016621,0,,
016623,0,,
016624,1,,
016625,0,,
016626,1,,
016627,0,,
016628,1,,
016629,2,,
016633,1,,
016634,0,,
016637,1,,
016638,1,,
016639,1,,
016641,3,,
016642,1,,
016643,0,,
016644,3,,
016647,0,,
016648,3,,
016650,3,,
016652,1,,
016653,1,,
016654,0,,
016655,1,,
016656,1,,
016657,2,,
016658,0,,
016659,3,,
016660,3,,
016665,0,,
016666,2,,
016667,2,,
016668,3,,
016669,2,,
016670,1,,
016671,1,,
016672,1,,
016674,2,,
016676,1,,
016678,1,,
016679,0,,
016680,0,,
016681,1,,
016682,1,,
016684,1,,
016685,2,,
016686,2,,
016688,1,,
016689,0,,
016690,0,,
016692,0,,
016693,2,,
016696,0,,
016697,2,,
016698,1,,
016700,1,,
016701,1,,
016705,1,,
016706,2,,
016708,0,,
016709,1,,
016710,2,,
016711,1,,
016712,1,,
016713,1,,
016714,1,,
016715,3,,
016716,0,,
016717,1,,
016718,1,,
016719,1,,
016720,2,,
016721,2,,
016722,1,,
016723,0,,
016725,2,,
016726,2,,
016727,2,,
016728,2,,
016729,1,,
016730,3,,
016732,0,,
016734,2,,
016735,1,,
016737,3,,
016738,2,,
016739,0,,
016742,0,,
016743,1,,
016744,2,,
016745,1,,
016746,1,,
016747,1,,
016748,1,,
016750,2,,
016751,3,,
016752,0,,
016753,2,,
016754,3,,
016755,1,,
016756,0,,
016757,3,,
016758,0,,
016759,1,,
016761,3,,
016762,1,,
016763,0,,
016764,2,,
016765,0,,
016766,1,,
016767,1,,
016768,2,,
016769,2,,
016770,2,,
016771,1,,
016773,2,,
016774,1,,
016775,1,,
016776,2,,
016777,2,,
016778,3,,
016779,1,,
016780,2,,
016781,0,,
016782,1,,
016784,0,,
016788,2,,
016789,0,,
016790,1,,
016791,2,,
016792,0,,
016793,3,,
016794,2,,
016795,2,,
016796,3,,
016800,2,,
016801,1,,
016803,3,,
016804,2,,
016805,2,,
016806,2,,
016807,1,,
016808,3,,
016809,2,,
016810,0,,
016811,3,,
016812,0,,
016813,2,,
016814,1,,
016816,3,,
016817,1,,
016818,1,,
016820,0,,
016823,2,,
016824,0,,
016825,1,,
016826,0,,
016828,0,,
016829,0,,
016830,3,,
016832,0,,
016833,1,,
016834,3,,
016835,0,,
016836,3,,
016837,1,,
016838,0,,
016839,1,,
016841,1,,
016842,1,,
016843,1,,
016846,0,,
016847,0,,
016848,3,,
016849,0,,
016850,3,,
016851,3,,
016852,0,,
016855,0,,
016856,0,,
016858,0,,
016859,1,,
016861,3,,
016863,3,,
016866,0,,
016869,2,,
016871,1,,
016872,0,,
016873,1,,
016875,1,,
016877,2,,
016878,2,,
016880,2,,
016881,3,,
016882,0,,
016883,2,,
016884,3,,
016885,2,,
016887,2,,
016889,1,,
016891,2,,
016892,2,,
016893,2,,
016895,2,,
016897,2,,
016898,2,,
016899,1,,
016900,2,,
016902,1,,
016903,2,,
016904,2,,
016905,1,,
016906,2,,
016907,2,,
016909,3,,
016910,2,,
016912,1,,
016913,3,,
016914,2,,
016915,0,,
016916,2,,
016917,0,,
016918,2,,
016919,1,,
016921,2,,
016923,1,,
016924,2,,
016926,0,,
016927,3,,
016928,1,,
016929,1,,
016930,2,,
016931,2,,
016932,2,,
016933,2,,
016934,1,,
016936,2,,
016938,1,,
016940,1,,
016942,2,,
016943,0,,
016945,1,,
016947,3,,
016948,3,,
016949,0,,
016950,1,,
016951,1,,
016952,0,,
016953,0,,
016954,1,,
016955,0,,
016956,0,,
016957,0,,
016959,0,,
016960,2,,
016961,0,,
016963,0,,
016965,2,,
016966,3,,
016967,3,,
016968,0,,
016969,3,,
016971,2,,
016976,0,,
016978,2,,
016979,1,,
016980,1,,
016982,3,,
016983,1,,
016984,1,,
016985,1,,
016986,3,,
016987,1,,
016988,0,,
016989,3,,
016990,3,,
016992,1,,
016996,1,,
016997,3,,
016998,0,,
016999,3,,
017001,1,,
017002,1,,
017004,1,,
017006,0,,
017007,0,,
017010,0,,
017011,3,,
017014,2,,
017015,1,,
017017,1,,
017018,0,,
017019,2,,
017022,3,,
017024,3,,
017025,3,,
017026,0,,
017027,2,,
017029,3,,
017030,0,,
017031,3,,
017033,1,,
017034,0,,
017035,0,,
017037,1,,
017038,2,,
017040,0,,
017041,1,,
017042,1,,
017043,1,,
017044,3,,
017045,0,,
017046,3,,
017047,1,,
017048,1,,
017049,1,,
017050,1,,
017051,2,,
017052,2,,
017053,0,,
017054,1,,
017058,1,,
017059,2,,
017060,3,,
017061,1,,
017062,2,,
017063,1,,
017064,1,,
017068,1,,
017069,1,,
017070,2,,
017071,1,,
017073,2,,
017075,2,,
017076,0,,
017078,3,,
017079,0,,
017080,0,,
017081,2,,
017082,1,,
017083,1,,
017084,1,,
017085,2,,
017086,1,,
017088,1,,
017090,1,,
017091,1,,
017092,1,,
017094,3,,
017095,1,,
017096,0,,
017100,1,,
017101,1,,
017102,0,,
017105,2,,
017107,1,,
017109,2,,
017110,0,,
017111,2,,
017114,2,,
017115,0,,
017117,0,,
017118,3,,
017119,0,,
017120,0,,
017122,3,,
017123,3,,
017124,2,,
017125,2,,
017126,2,,
017128,0,,
017131,1,,
017133,1,,
017134,0,,
017135,1,,
017138,0,,
017139,1,,
017140,3,,
017142,0,,
017144,1,,
017146,0,,
017147,1,,
017148,3,,
017152,1,,
017153,0,,
017154,3,,
017155,0,,
017157,0,,
017158,1,,
017159,1,,
017160,1,,
017162,1,,
017163,0,,
017164,1,,
017165,0,,
017166,0,,
017169,1,,
017171,3,,
017172,3,,
017173,1,,
017174,3,,
017175,1,,
017176,0,,
017179,2,,
017180,2,,
017181,0,,
017183,1,,
017186,3,,
017187,0,,
017188,1,,
017189,2,,
017190,0,,
017191,2,,
017193,1,,
017194,0,,
017197,0,,
017198,2,,
017201,2,,
017203,1,,
017204,1,,
017205,3,,
017206,0,,
017211,1,,
017212,3,,
017213,1,,
017214,2,,
017217,0,,
017218,2,,
017219,2,,
017220,2,,
017221,2,,
017222,2,,
017223,2,,
017226,3,,
017227,3,,
017228,1,,
017229,2,,
017230,1,,
017231,2,,
017232,2,,
017233,2,,
017234,0,,
017235,0,,
017236,2,,
017237,0,,
017238,2,,
017239,0,,
017242,1,,
017243,1,,
017244,3,,
017245,0,,
017247,2,,
017248,2,,
017250,2,,
017251,2,,
017252,2,,
017253,0,,
017254,2,,
017255,2,,
017256,0,,
017259,2,,
017262,0,,
017263,2,,
017265,2,,
017266,2,,
017267,2,,
017268,3,,
017272,1,,
017274,2,,
017277,1,,
017278,0,,
017279,0,,
017282,1,,
017284,2,,
017286,2,,
017287,2,,
017288,1,,
017289,2,,
017290,2,,
017291,0,,
017293,1,,
017295,2,,
017297,2,,
017298,3,,
017299,3,,
017301,2,,
017302,1,,
017303,2,,
017306,1,,
017309,2,,
017311,1,,
017312,3,,
017313,1,,
017314,1,,
017315,1,,
017317,1,,
017320,1,,
017321,2,,
017323,2,,
017324,1,,
017325,3,,
017329,0,,
017330,0,,
017331,0,,
017333,3,,
017334,3,,
017337,2,,
017338,1,,
017339,0,,
017340,1,,
017341,2,,
017343,0,,
017344,2,,
017345,2,,
017346,2,,
017347,3,,
017348,2,,
017349,0,,
017350,1,,
017351,0,,
017353,3,,
017354,3,,
017356,3,,
017357,2,,
017358,2,,
017359,2,,
017360,2,,
017361,0,,
017362,2,,
017364,1,,
017365,1,,
017367,2,,
017368,1,,
017370,3,,
017371,2,,
017372,2,,
017373,3,,
017374,0,,
017375,2,,
017376,2,,
017377,1,,
017379,2,,
017381,1,,
017382,0,,
017383,2,,
017384,0,,
017385,2,,
017386,1,,
017387,2,,
017388,1,,
017389,1,,
017391,3,,
017392,2,,
017394,0,,
017396,1,,
017397,2,,
017398,0,,
017400,1,,
017402,1,,
017403,2,,
017405,1,,
017406,1,,
017408,0,,
017409,0,,
017410,1,,
017411,0,,
017412,1,,
017414,3,,
017415,0,,
017416,1,,
017418,0,,
017419,1,,
017420,0,,
017422,1,,
017423,3,,
017425,1,,
017426,1,,
017427,0,,
017428,1,,
017429,3,,
017430,3,,
017431,2,,
017432,2,,
017433,2,,
017434,1,,
017436,0,,
017438,0,,
017440,3,,
017442,1,,
017446,3,,
017447,3,,
017449,1,,
017450,1,,
017451,1,,
017453,0,,
017454,2,,
017455,0,,
017456,3,,
017457,1,,
017458,2,,
017459,2,,
017460,0,,
017461,2,,
017462,0,,
017463,1,,
017464,3,,
017466,0,,
017468,3,,
017469,1,,
017470,3,,
017472,2,,
017475,3,,
017480,3,,
017481,1,,
017483,0,,
017486,0,,
017489,3,,
017490,1,,
017491,1,,
017492,0,,
017495,0,,
017496,0,,
017498,3,,
017499,3,,
017500,0,,
017501,0,,
017502,0,,
017503,3,,
017504,1,,
017505,1,,
017506,0,,
017507,2,,
017509,1,,
017510,3,,
017511,1,,
017512,1,,
017513,3,,
017514,2,,
017515,2,,
017516,2,,
017517,0,,
017519,1,,
017520,1,,
017521,3,,
017522,1,,
017523,1,,
017524,3,,
017525,0,,
017526,0,,
017527,1,,
017528,1,,
017530,2,,
017531,0,,
017534,0,,
017535,3,,
017536,0,,
017537,1,,
017538,3,,
017540,0,,
017542,2,,
017545,2,,
017548,0,,
017549,3,,
017550,2,,
017551,2,,
017552,1,,
017553,3,,
017554,1,,
017555,2,,
017556,0,,
017557,0,,
017560,1,,
017561,2,,
017562,1,,
017564,2,,
017566,2,,
017567,1,,
017569,2,,
017571,2,,
017572,0,,
017573,3,,
017574,0,,
017576,1,,
017578,3,,
017579,2,,
017580,2,,
017581,1,,
017582,2,,
017584,1,,
017585,2,,
017588,1,,
017589,1,,
017590,2,,
017591,1,,
017593,1,,
017594,1,,
017595,2,,
017596,1,,
017597,1,,
017600,0,,
017601,3,,
017602,1,,
017603,0,,
017604,2,,
017608,2,,
017609,2,,
017611,2,,
017612,1,,
017613,1,,
017614,2,,
017615,0,,
017616,3,,
017618,1,,
017619,2,,
017620,0,,
017621,1,,
017623,0,,
017624,1,,
017625,2,,
017628,0,,
017629,1,,
017630,0,,
017631,0,,
017633,1,,
017634,2,,
017636,3,,
017637,0,,
017639,0,,
017640,3,,
017642,1,,
017643,0,,
017644,1,,
017646,0,,
017647,0,,
017648,1,,
017649,1,,
017650,3,,
017651,1,,
017652,1,,
017653,1,,
017654,2,,
017655,1,,
017656,1,,
017658,3,,
017659,1,,
017660,2,,
017663,1,,
017664,3,,
017666,3,,
017667,1,,
017668,0,,
017669,1,,
017670,0,,
017671,1,,
017672,1,,
017673,2,,
017674,3,,
017675,1,,
017676,1,,
017677,1,,
017678,3,,
017679,1,,
017680,0,,
017682,1,,
017684,0,,
017685,1,,
017686,1,,
017690,1,,
017691,0,,
017692,3,,
017693,3,,
017694,3,,
017695,3,,
017696,1,,
017697,0,,
017698,3,,
017700,1,,
017701,0,,
017702,1,,
017703,3,,
017704,1,,
017705,1,,
017706,1,,
017707,3,,
017708,2,,
017709,0,,
017711,3,,
017712,0,,
017714,3,,
017715,3,,
017716,1,,
017718,0,,
017719,1,,
017720,1,,
017722,1,,
017723,1,,
017724,0,,
017725,1,,
017727,1,,
017728,1,,
017730,1,,
017731,1,,
017732,0,,
017733,1,,
017734,1,,
017735,1,,
017736,0,,
017737,0,,
017738,1,,
017739,1,,
017742,0,,
017744,3,,
017746,0,,
017747,0,,
017749,0,,
017750,3,,
017752,3,,
017754,3,,
017757,1,,
017758,1,,
017759,2,,
017760,3,,
017761,1,,
017763,3,,
017764,2,,
017765,2,,
017767,0,,
017768,1,,
017769,1,,
017770,0,,
017771,2,,
017772,2,,
017774,2,,
017775,3,,
017777,2,,
017779,2,,
017781,0,,
017783,2,,
017785,0,,
017786,2,,
017787,1,,
017788,0,,
017789,0,,
017790,1,,
017791,0,,
017793,2,,
017795,2,,
017796,2,,
017797,2,,
017799,2,,
017800,1,,
017802,2,,
017805,3,,
017806,3,,
017809,1,,
017811,1,,
017812,2,,
017813,2,,
017816,2,,
017817,0,,
017819,1,,
017824,3,,
017827,2,,
017830,0,,
017831,0,,
017832,2,,
017835,2,,
017836,2,,
017837,2,,
017838,1,,
017839,2,,
017841,1,,
017843,2,,
017846,0,,
017848,0,,
017849,0,,
017850,1,,
017852,2,,
017854,0,,
017855,3,,
017856,1,,
017857,1,,
017858,1,,
017859,2,,
017860,2,,
017861,1,,
017862,0,,
017863,1,,
017864,2,,
017865,1,,
017866,0,,
017867,1,,
017869,0,,
017870,2,,
017871,3,,
017873,1,,
017874,0,,
017877,0,,
017878,3,,
017879,0,,
017880,3,,
017881,0,,
017883,2,,
017884,2,,
017885,2,,
017886,2,,
017887,0,,
017888,1,,
017889,0,,
017890,2,,
017891,3,,
017892,0,,
017893,2,,
017894,2,,
017895,2,,
017896,3,,
017897,2,,
017898,2,,
017899,2,,
017900,0,,
017901,2,,
017904,2,,
017905,0,,
017906,2,,
017908,2,,
017911,2,,
017912,0,,
017913,2,,
017914,2,,
017917,2,,
017919,3,,
017920,2,,
017921,2,,
017923,0,,
017924,1,,
017925,0,,
017926,0,,
017928,0,,
017929,0,,
017930,1,,
017931,2,,
017932,1,,
017934,1,,
017935,2,,
017936,2,,
017937,1,,
017939,2,,
017940,1,,
017941,3,,
017942,3,,
017946,2,,
017947,3,,
017948,3,,
017949,1,,
017950,2,,
017951,3,,
017954,2,,
017955,0,,
017956,0,,
017957,2,,
017958,0,,
017960,2,,
017961,2,,
017962,2,,
017964,2,,
017965,2,,
017966,3,,
017967,2,,
017968,2,,
017969,0,,
017970,1,,
017972,2,,
017973,0,,
017974,2,,
017975,1,,
017976,2,,
017977,0,,
017978,3,,
017979,2,,
017980,1,,
017984,2,,
017985,0,,
017986,0,,
017987,3,,
017988,2,,
017990,3,,
017991,0,,
017994,2,,
017995,3,,
017997,1,,
017999,2,,
018001,2,,
018004,2,,
018005,2,,
018006,0,,
018008,1,,
018009,2,,
018010,0,,
018011,2,,
018013,2,,
018014,2,,
018015,2,,
018016,1,,
018017,3,,
018018,2,,
018019,0,,
018022,2,,
018024,0,,
018027,2,,
018030,0,,
018032,3,,
018033,2,,
018034,2,,
018035,1,,
018036,2,,
018037,2,,
018040,0,,
018041,1,,
018042,0,,
018043,2,,
018044,1,,
018045,2,,
018048,3,,
018050,0,,
018053,3,,
018055,1,,
018056,0,,
018058,3,,
018059,3,,
018061,1,,
018062,0,,
018064,3,,
018065,1,,
018066,0,,
018067,2,,
018068,0,,
018069,2,,
018071,0,,
018072,3,,
018073,1,,
018074,0,,
018075,1,,
018077,1,,
018078,0,,
018079,1,,
018080,3,,
018081,0,,
018082,2,,
018084,3,,
018085,0,,
018086,3,,
018087,1,,
018088,2,,
018092,1,,
018093,3,,
018094,1,,
018095,3,,
018096,2,,
018097,1,,
018099,2,,
018101,2,,
018102,1,,
018104,1,,
018105,2,,
018106,2,,
018108,0,,
018109,1,,
018110,2,,
018112,0,,
018113,3,,
018114,2,,
018116,2,,
018117,2,,
018118,2,,
018119,2,,
018120,2,,
018121,3,,
018122,2,,
018123,3,,
018125,2,,
018126,2,,
018127,2,,
018129,2,,
018130,1,,
018133,3,,
018135,3,,
018136,1,,
018138,0,,
018139,1,,
018142,3,,
018143,1,,
018144,1,,
018145,1,,
018146,3,,
018147,3,,
018149,0,,
018150,3,,
018151,0,,
018154,0,,
018155,0,,
018156,2,,
018158,3,,
018159,0,,
018160,0,,
018161,1,,
018164,0,,
018165,3,,
018167,1,,
018168,2,,
018169,0,,
018170,1,,
018171,1,,
018172,1,,
018173,1,,
018174,3,,
018176,3,,
018177,1,,
018178,1,,
018179,1,,
018180,1,,
018181,2,,
018183,0,,
018184,3,,
018185,0,,
018188,1,,
018189,1,,
018190,0,,
018191,0,,
018192,1,,
018193,0,,
018194,3,,
018196,2,,
018198,1,,
018200,2,,
018202,1,,
018203,0,,
018204,1,,
018205,0,,
018209,0,,
018210,1,,
018211,0,,
018212,2,,
018213,3,,
018215,0,,
018216,0,,
018217,3,,
018218,3,,
018219,1,,
018220,3,,
018221,1,,
018222,0,,
018223,1,,
018224,0,,
018225,1,,
018226,1,,
018227,0,,
018228,0,,
018229,1,,
018230,1,,
018231,1,,
018232,0,,
018233,0,,
018235,1,,
018236,0,,
018237,1,,
018239,1,,
018240,0,,
018241,1,,
018242,1,,
018245,1,,
018246,0,,
018248,1,,
018249,3,,
018250,0,,
018251,3,,
018252,2,,
018255,3,,
018257,1,,
018259,1,,
018260,1,,
018261,0,,
018262,3,,
018263,3,,
018265,0,,
018268,0,,
018269,0,,
018270,0,,
018272,1,,
018273,0,,
018274,0,,
018276,3,,
018277,0,,
018278,0,,
018280,0,,
018281,0,,
018282,0,,
018283,2,,
018287,1,,
